,ACS Id,ACS Topic 1,ACS Topic 2,ACS Topic 3,Ethics Id,Ethics Topic 1,Ethics Topic 2,Ethics Topic 3,Number of Shared Citations,Normalized Citation Number,Jensen-Shannan Divergence,1-Jensen-Shannan Divergence,Weighted Scores
0,sb8b00381,0.5324232081911263,0.3779863481228669,0.08959044368600683,pmid30925042,0.3245729303547963,0.32982917214191854,0.3455978975032852,9,1.0,0.27845032322237623,0.7215496767776237,0.8886198707110495
1,sb9b00178,0.8760249262053132,0.055264020990488695,0.0687110528041981,pmid30925042,0.3245729303547963,0.32982917214191854,0.3455978975032852,3,0.3333333333333333,0.49605188280211093,0.503948117197889,0.4015792468791556
2,sb8b00430,0.7160791887976823,0.11757605021728633,0.1663447609850314,pmid30925042,0.3245729303547963,0.32982917214191854,0.3455978975032852,3,0.3333333333333333,0.33970266238687313,0.6602973376131269,0.4641189350452508
3,sb8b00007,0.2037729965700031,0.6988618646710322,0.09736513875896477,pmid29243094,0.29537366548042704,0.28825622775800713,0.41637010676156583,3,0.3333333333333333,0.3828186153925688,0.6171813846074312,0.4468725538429725
4,sb500234s,0.2888534467481836,0.265993265993266,0.4451532872585504,pmid26260156,0.3296582138919515,0.2855567805953694,0.3847850055126792,2,0.2222222222222222,0.052982225969227546,0.9470177740307725,0.5121404429456423
5,sb500234s,0.2888534467481836,0.265993265993266,0.4451532872585504,pmid22699939,0.3029645697758496,0.3449023861171367,0.35213304410701374,2,0.2222222222222222,0.08792677688711542,0.9120732231128845,0.4981626225784872
6,sb9b00393,0.30115071568902607,0.08896996912714004,0.6098793151838339,pmid30925042,0.3245729303547963,0.32982917214191854,0.3455978975032852,2,0.2222222222222222,0.28317855398674247,0.7168214460132576,0.4200619117386364
7,sb9b00022,0.959619071176798,0.023004143219343274,0.017376785603858764,pmid29581172,0.3509933774834438,0.23557237464522235,0.413434247871334,2,0.2222222222222222,0.5849369208604198,0.4150630791395802,0.2993585649891654
8,sb7b00403,0.9653003533568905,0.02381625441696113,0.01088339222614841,pmid24622617,0.3342503438789546,0.312242090784044,0.3535075653370014,2,0.2222222222222222,0.6068237201532362,0.39317627984676384,0.29060384527203886
9,sb7b00383,0.04935332857256208,0.9125605014679045,0.03808616995953344,pmid26260156,0.3296582138919515,0.2855567805953694,0.3847850055126792,2,0.2222222222222222,0.5721058539424584,0.4278941460575416,0.30449099175634997
10,sb7b00219,0.30316879951249237,0.02376599634369287,0.6730652041438148,pmid26260156,0.3296582138919515,0.2855567805953694,0.3847850055126792,2,0.2222222222222222,0.3511378987030875,0.6488621012969125,0.39287817385209833
11,sb6b00397,0.8280850600968075,0.03622124326970142,0.13569369663349104,pmid29581172,0.3509933774834438,0.23557237464522235,0.413434247871334,2,0.2222222222222222,0.4285803729183037,0.5714196270816962,0.3619011841660118
12,sb6b00337,0.13960465937169078,0.5134133427462054,0.3469819978821038,pmid29221460,0.24664602683178535,0.30030959752321984,0.45304437564499483,2,0.2222222222222222,0.1905057542548628,0.8094942457451372,0.45713103163138824
13,sb6b00083,0.06462554672855485,0.13790948852985807,0.7974649647415871,pmid26260156,0.3296582138919515,0.2855567805953694,0.3847850055126792,2,0.2222222222222222,0.3772205866577856,0.6227794133422144,0.38244509867021914
14,sb6b00040,0.8770301624129929,0.0613399071925754,0.06162993039443155,pmid22699939,0.3029645697758496,0.3449023861171367,0.35213304410701374,2,0.2222222222222222,0.5149204628530345,0.4850795371469655,0.32736514819211954
15,sb5b00199,0.1827103478135373,0.11156010968393706,0.7057295425025256,pmid29221460,0.24664602683178535,0.30030959752321984,0.45304437564499483,2,0.2222222222222222,0.23637766244071065,0.7636223375592893,0.43878226835704903
16,sb500372z,0.08265940240061292,0.9004001021537413,0.016940495445645697,pmid29221460,0.24664602683178535,0.30030959752321984,0.45304437564499483,1,0.1111111111111111,0.5713091204429116,0.4286908795570884,0.23814301848950203
17,sb5003357,0.3840548649807115,0.43206172310330043,0.183883411915988,pmid32043291,0.36748768472906407,0.28669950738916256,0.34581280788177343,1,0.1111111111111111,0.17015142586806767,0.8298485741319324,0.3986060963194396
18,sb500255k,0.030085959885386822,0.9019420566698504,0.06797198344476282,pmid29221460,0.24664602683178535,0.30030959752321984,0.45304437564499483,1,0.1111111111111111,0.5462049957584083,0.4537950042415917,0.24818466836330333
19,sb500249g,0.9334885751710087,0.028089070004366178,0.038422354824625235,pmid29862436,0.3103448275862069,0.3170189098998888,0.37263626251390436,1,0.1111111111111111,0.5776081044735005,0.4223918955264995,0.23562342487726645
20,sb500249g,0.9334885751710087,0.028089070004366178,0.038422354824625235,pmid19857142,0.2723449001051525,0.3249211356466877,0.4027339642481598,1,0.1111111111111111,0.6086727500162104,0.39132724998378965,0.22319756666018253
21,sb500249g,0.9334885751710087,0.028089070004366178,0.038422354824625235,pmid19816800,0.19779353821907011,0.1946414499605989,0.607565011820331,1,0.1111111111111111,0.6751337638164409,0.32486623618355914,0.1966131611400903
22,sb5002467,0.2414719867686583,0.21128798842257598,0.5472400248087658,pmid19857142,0.2723449001051525,0.3249211356466877,0.4027339642481598,1,0.1111111111111111,0.13183377707647914,0.8681662229235209,0.41393315583607504
23,sb500234s,0.2888534467481836,0.265993265993266,0.4451532872585504,pmid28567486,0.3743016759776536,0.2804469273743017,0.34525139664804466,1,0.1111111111111111,0.09320099718034876,0.9067990028196512,0.42938626779452715
24,sb500234s,0.2888534467481836,0.265993265993266,0.4451532872585504,pmid26085442,0.3809238152369526,0.41091781643671266,0.20815836832633475,1,0.1111111111111111,0.2181372798077251,0.7818627201922749,0.37941175474357663
25,sb5002196,0.9820279984865683,0.01122461848909068,0.006747383024341026,pmid22907209,0.45602365114560234,0.2549889135254989,0.2889874353288987,1,0.1111111111111111,0.5433540907397508,0.45664590926024917,0.24932503037076637
26,sb500165g,0.8845392877331826,0.05031091011871114,0.06514980214810628,pmid26363557,0.21761063976152256,0.1937628984177941,0.5886264618206833,1,0.1111111111111111,0.6020581155493188,0.39794188445068124,0.22584342044693917
27,sb500055u,0.23277939870607636,0.5346949131041482,0.23252568818977548,pmid26260156,0.3296582138919515,0.2855567805953694,0.3847850055126792,1,0.1111111111111111,0.21786063401680486,0.7821393659831951,0.3795224130599447
28,sb500024b,0.9446699611719025,0.02603247440875397,0.029297564419343454,pmid22699939,0.3029645697758496,0.3449023861171367,0.35213304410701374,1,0.1111111111111111,0.5988257877088982,0.40117421229110184,0.2271363515831074
29,sb5000115,0.33510840623811333,0.30848231266641307,0.35640928109547354,pmid24622617,0.3342503438789546,0.312242090784044,0.3535075653370014,1,0.1111111111111111,0.0035900249989217125,0.9964099750010783,0.465230656667098
30,sb400206c,0.9640795381654909,0.018473380372033357,0.017447081462475946,pmid31448268,0.4388742304309587,0.30167106420404577,0.25945470536499565,1,0.1111111111111111,0.5227585183569625,0.4772414816430375,0.2575632593238817
31,sb400206c,0.9640795381654909,0.018473380372033357,0.017447081462475946,pmid27836667,0.3354330708661417,0.6095773742567894,0.054989554877068934,1,0.1111111111111111,0.6129446985339995,0.38705530146600053,0.22148878725306687
32,sb400206c,0.9640795381654909,0.018473380372033357,0.017447081462475946,pmid26260156,0.3296582138919515,0.2855567805953694,0.3847850055126792,1,0.1111111111111111,0.6068771315144852,0.3931228684855148,0.22391581406087258
33,sb400206c,0.9640795381654909,0.018473380372033357,0.017447081462475946,pmid22699939,0.3029645697758496,0.3449023861171367,0.35213304410701374,1,0.1111111111111111,0.6275934637169216,0.3724065362830784,0.21562928117989805
34,sb400203p,0.8953103716676397,0.06577155088538626,0.03891807744697412,pmid31448268,0.4388742304309587,0.30167106420404577,0.25945470536499565,1,0.1111111111111111,0.4272000115598804,0.5727999884401196,0.29578666204271453
35,sb400203p,0.8953103716676397,0.06577155088538626,0.03891807744697412,pmid29862436,0.3103448275862069,0.3170189098998888,0.37263626251390436,1,0.1111111111111111,0.5332909827896878,0.4667090172103122,0.25335027355079154
36,sb400203p,0.8953103716676397,0.06577155088538626,0.03891807744697412,pmid29197394,0.29675810473815467,0.40648379052369077,0.29675810473815467,1,0.1111111111111111,0.5413672485461705,0.45863275145382953,0.2501197672481985
37,sb400203p,0.8953103716676397,0.06577155088538626,0.03891807744697412,pmid19816800,0.19779353821907011,0.1946414499605989,0.607565011820331,1,0.1111111111111111,0.6441375364424262,0.3558624635575738,0.2090116520896962
38,sb4001799,0.9618871578206144,0.017604084147522226,0.020508758031863392,pmid32050455,0.3200419727177335,0.25498426023084997,0.4249737670514166,1,0.1111111111111111,0.6109735434294741,0.3890264565705259,0.22227724929487702
39,sb400169s,0.972509327958142,0.017111978384869407,0.010378693656988461,pmid22699939,0.3029645697758496,0.3449023861171367,0.35213304410701374,1,0.1111111111111111,0.6418002726702909,0.35819972732970906,0.2099465575985503
40,sb400160m,0.02428648774073788,0.8931085157398098,0.0826049965194524,pmid26085442,0.3809238152369526,0.41091781643671266,0.20815836832633475,1,0.1111111111111111,0.4715793686122224,0.5284206313877776,0.2780349192217777
41,sb400160m,0.02428648774073788,0.8931085157398098,0.0826049965194524,pmid22699939,0.3029645697758496,0.3449023861171367,0.35213304410701374,1,0.1111111111111111,0.5067175232539238,0.49328247674607617,0.26397965736509715
42,sb400147n,0.15385758882116843,0.03865021554927903,0.8074921956295525,pmid29581172,0.3509933774834438,0.23557237464522235,0.413434247871334,1,0.1111111111111111,0.3631623377330072,0.6368376622669928,0.3214017315734638
43,sb400140t,0.04184468459411913,0.8777330987685349,0.08042221663734607,pmid30925042,0.3245729303547963,0.32982917214191854,0.3455978975032852,1,0.1111111111111111,0.4964719309750336,0.5035280690249664,0.26807789427665324
44,sb400140t,0.04184468459411913,0.8777330987685349,0.08042221663734607,pmid27836667,0.3354330708661417,0.6095773742567894,0.054989554877068934,1,0.1111111111111111,0.3362794710223445,0.6637205289776555,0.3321548782577289
45,sb400140t,0.04184468459411913,0.8777330987685349,0.08042221663734607,pmid19857142,0.2723449001051525,0.3249211356466877,0.4027339642481598,1,0.1111111111111111,0.498011435141273,0.501988564858727,0.26746209261015746
46,sb400131a,0.5201068804275217,0.44355377421509684,0.036339345357381425,pmid30925042,0.3245729303547963,0.32982917214191854,0.3455978975032852,1,0.1111111111111111,0.3562427881621758,0.6437572118378242,0.3241695514017963
47,sb400131a,0.5201068804275217,0.44355377421509684,0.036339345357381425,pmid29197394,0.29675810473815467,0.40648379052369077,0.29675810473815467,1,0.1111111111111111,0.32655155382370743,0.6734484461762926,0.3360460451371837
48,sb400131a,0.5201068804275217,0.44355377421509684,0.036339345357381425,pmid26260156,0.3296582138919515,0.2855567805953694,0.3847850055126792,1,0.1111111111111111,0.3863469689108012,0.6136530310891988,0.3121278791023462
49,sb400131a,0.5201068804275217,0.44355377421509684,0.036339345357381425,pmid24622617,0.3342503438789546,0.312242090784044,0.3535075653370014,1,0.1111111111111111,0.36158188434594685,0.6384181156540532,0.3220339129282879
50,sb400128g,0.5898149990053709,0.13885020887209068,0.2713347921225383,pmid27903825,0.2706110572259942,0.2861299709020369,0.443258971871969,1,0.1111111111111111,0.27858801095771224,0.7214119890422878,0.35523146228358177
51,sb400128g,0.5898149990053709,0.13885020887209068,0.2713347921225383,pmid16408063,0.3509933774834437,0.239356669820246,0.4096499526963103,1,0.1111111111111111,0.2050852963631053,0.7949147036368946,0.38463254812142456
52,sb4001273,0.6756567990114437,0.02138290442164079,0.3029602965669156,pmid22907209,0.45602365114560234,0.2549889135254989,0.2889874353288987,1,0.1111111111111111,0.31542251700943086,0.6845774829905691,0.3404976598628943
53,sb400112u,0.07887378266319545,0.22977533506894227,0.6913508822678623,pmid26085442,0.3809238152369526,0.41091781643671266,0.20815836832633475,1,0.1111111111111111,0.44198193027203686,0.5580180697279631,0.2898738945578519
54,sb400112u,0.07887378266319545,0.22977533506894227,0.6913508822678623,pmid22699939,0.3029645697758496,0.3449023861171367,0.35213304410701374,1,0.1111111111111111,0.315435738219366,0.684564261780634,0.34049237137892024
55,sb4000977,0.34126365054602187,0.5280811232449298,0.13065522620904838,pmid26085442,0.3809238152369526,0.41091781643671266,0.20815836832633475,1,0.1111111111111111,0.1119091753790164,0.8880908246209835,0.4219029965150601
56,sb4000977,0.34126365054602187,0.5280811232449298,0.13065522620904838,pmid22699939,0.3029645697758496,0.3449023861171367,0.35213304410701374,1,0.1111111111111111,0.22987212568884713,0.7701278743111528,0.3747178163911278
57,sb4000965,0.3635963367382881,0.6069918985558295,0.029411764705882353,pmid29581172,0.3509933774834438,0.23557237464522235,0.413434247871334,1,0.1111111111111111,0.45233289906677027,0.5476671009332297,0.28573350703995853
58,sb400094c,0.7217015140591204,0.15933669790915644,0.11896178803172315,pmid29862436,0.3103448275862069,0.3170189098998888,0.37263626251390436,1,0.1111111111111111,0.35995213907977464,0.6400478609202254,0.3226858110347568
59,sb400094c,0.7217015140591204,0.15933669790915644,0.11896178803172315,pmid19816800,0.19779353821907011,0.1946414499605989,0.607565011820331,1,0.1111111111111111,0.49528140039099394,0.504718599609006,0.26855410651026906
60,sb400081r,0.4169645758856029,0.5225869353266168,0.06044848878778031,pmid33344779,0.23106796116504855,0.2906148867313916,0.4783171521035599,1,0.1111111111111111,0.4202917319665739,0.5797082680334261,0.2985499738800371
61,sb400079u,0.1476088698904622,0.8144536468073738,0.03793748330216404,pmid32569517,0.3732021196063588,0.23088569265707798,0.3959121877365632,1,0.1111111111111111,0.5339181205606622,0.46608187943933777,0.2530994184424018
62,sb400077j,0.6252927400468383,0.12713282034125126,0.24757443961191034,pmid27017007,0.2963430012610341,0.29129886506935687,0.4123581336696091,1,0.1111111111111111,0.2866346496171298,0.7133653503828702,0.3520128068198147
63,sb400066m,0.9796557980975421,0.010886897234288229,0.009457304668169571,pmid26085442,0.3809238152369526,0.41091781643671266,0.20815836832633475,1,0.1111111111111111,0.5945894476053566,0.4054105523946434,0.22883088762452403
64,sb400066m,0.9796557980975421,0.010886897234288229,0.009457304668169571,pmid22699939,0.3029645697758496,0.3449023861171367,0.35213304410701374,1,0.1111111111111111,0.6538424429511613,0.34615755704883866,0.20512968948620214
65,sb400065q,0.07142207260485853,0.48139386770994447,0.447184059685197,pmid26363557,0.21761063976152256,0.1937628984177941,0.5886264618206833,1,0.1111111111111111,0.28384686312466095,0.7161531368753391,0.3531279214168023
66,sb400055h,0.5535154984339562,0.41764769413543584,0.02883680743060806,pmid22699939,0.3029645697758496,0.3449023861171367,0.35213304410701374,1,0.1111111111111111,0.38227572886419625,0.6177242711358037,0.3137563751209882
67,sb4000417,0.3268027210884354,0.18258503401360546,0.4906122448979592,pmid27017007,0.2963430012610341,0.29129886506935687,0.4123581336696091,1,0.1111111111111111,0.10982769037499664,0.8901723096250034,0.42273559051666804
68,sb4000367,0.11737198971241523,0.3885901332709843,0.4940378770166004,pmid27017007,0.2963430012610341,0.29129886506935687,0.4123581336696091,1,0.1111111111111111,0.19121886299120164,0.8087811370087984,0.390179121470186
69,sb300123m,0.42661448140900193,0.25880626223091974,0.3145792563600783,pmid31397921,0.32207478890229196,0.3196622436670688,0.3582629674306394,1,0.1111111111111111,0.0928384138945023,0.9071615861054977,0.4295313011088657
70,sb300119v,0.3537567084078712,0.11001788908765653,0.5362254025044723,pmid24622617,0.3342503438789546,0.312242090784044,0.3535075653370014,1,0.1111111111111111,0.2241327398476578,0.7758672601523422,0.37701357072760355
71,sb3000904,0.09857971899816738,0.8738546120952964,0.027565668906536347,pmid22699939,0.3029645697758496,0.3449023861171367,0.35213304410701374,1,0.1111111111111111,0.49346411807584306,0.506535881924157,0.2692810194363295
72,sb3000904,0.09857971899816738,0.8738546120952964,0.027565668906536347,pmid19816800,0.19779353821907011,0.1946414499605989,0.607565011820331,1,0.1111111111111111,0.6452525952513619,0.3547474047486381,0.20856562856612193
73,sb3000904,0.09857971899816738,0.8738546120952964,0.027565668906536347,pmid18392016,0.31090174966352624,0.3378196500672947,0.35127860026917895,1,0.1111111111111111,0.49844349300906243,0.5015565069909376,0.2672892694630417
74,sb300084h,0.9223567594557484,0.05904381475471228,0.018599425789539385,pmid26085442,0.3809238152369526,0.41091781643671266,0.20815836832633475,1,0.1111111111111111,0.5073953763964538,0.4926046236035462,0.26370851610808516
75,sb300084h,0.9223567594557484,0.05904381475471228,0.018599425789539385,pmid22699939,0.3029645697758496,0.3449023861171367,0.35213304410701374,1,0.1111111111111111,0.5755066874291892,0.4244933125708108,0.236463991694991
76,sb3000832,0.5836002022585539,0.05064891286027305,0.36575088488117313,pmid22699939,0.3029645697758496,0.3449023861171367,0.35213304410701374,1,0.1111111111111111,0.34825727763957404,0.651742722360426,0.327363755610837
77,sb300079h,0.7281038581093434,0.24245748765770705,0.02943865423294935,pmid31397921,0.32207478890229196,0.3196622436670688,0.3582629674306394,1,0.1111111111111111,0.425038368796339,0.574961631203661,0.29665131914813103
78,sb300071a,0.02291315477305363,0.03171630142973091,0.9453705437972154,pmid26363557,0.21761063976152256,0.1937628984177941,0.5886264618206833,1,0.1111111111111111,0.3775757457349816,0.6224242542650185,0.31563636837267406
79,sb300053s,0.8502969762419006,0.13755399568034557,0.01214902807775378,pmid16408063,0.3509933774834437,0.239356669820246,0.4096499526963103,1,0.1111111111111111,0.5083186916419811,0.49168130835801893,0.26333919000987427
80,sb300040v,0.2696862304434264,0.6269340478865933,0.10337972166998012,pmid22699939,0.3029645697758496,0.3449023861171367,0.35213304410701374,1,0.1111111111111111,0.28709737278111425,0.7129026272188858,0.351827717554221
81,sb300031n,0.9428231634800109,0.025432256884091117,0.031744579635897906,pmid32050455,0.3200419727177335,0.25498426023084997,0.4249737670514166,1,0.1111111111111111,0.5828134870043323,0.41718651299566767,0.23354127186493373
82,sb300028q,0.16418598221280126,0.8241094880420257,0.011704529745173033,pmid29243094,0.29537366548042704,0.28825622775800713,0.41637010676156583,1,0.1111111111111111,0.5348868993996071,0.4651131006003929,0.2527119069068238
83,sb300028q,0.16418598221280126,0.8241094880420257,0.011704529745173033,pmid21885775,0.05867275867833064,0.9191322598020096,0.02219498151965974,1,0.1111111111111111,0.1477125528495749,0.8522874471504251,0.40758164552683673
84,sb300027y,0.9659369692394791,0.015191545574636723,0.01887148518588413,pmid26260156,0.3296582138919515,0.2855567805953694,0.3847850055126792,1,0.1111111111111111,0.6095593625557291,0.39044063744427093,0.22284292164437502
85,sb3000194,0.056423408719981354,0.8507810678479832,0.09279552343203543,pmid32569517,0.3732021196063588,0.23088569265707798,0.3959121877365632,1,0.1111111111111111,0.5509687252782335,0.4490312747217665,0.2462791765553733
86,sb200021s,0.8860183605491917,0.09164026322203264,0.022341376228775692,pmid22699939,0.3029645697758496,0.3449023861171367,0.35213304410701374,1,0.1111111111111111,0.5388442581169931,0.4611557418830069,0.25112896341986946
87,sb200018e,0.26520484708597813,0.6605885747259089,0.0742065781881131,pmid29243094,0.29537366548042704,0.28825622775800713,0.41637010676156583,1,0.1111111111111111,0.3868507821637993,0.6131492178362007,0.31192635380114697
88,sb200016s,0.9005607476635514,0.06196261682242991,0.0374766355140187,pmid30925042,0.3245729303547963,0.32982917214191854,0.3455978975032852,1,0.1111111111111111,0.5264668284961923,0.4735331715038077,0.25607993526818973
89,sb200016s,0.9005607476635514,0.06196261682242991,0.0374766355140187,pmid29197394,0.29675810473815467,0.40648379052369077,0.29675810473815467,1,0.1111111111111111,0.5474861551220421,0.45251384487795787,0.24767220461784983
90,sb200016s,0.9005607476635514,0.06196261682242991,0.0374766355140187,pmid27836667,0.3354330708661417,0.6095773742567894,0.054989554877068934,1,0.1111111111111111,0.5335168042811522,0.4664831957188478,0.2532599449542058
91,sb200016s,0.9005607476635514,0.06196261682242991,0.0374766355140187,pmid26260156,0.3296582138919515,0.2855567805953694,0.3847850055126792,1,0.1111111111111111,0.5248043522426724,0.4751956477573276,0.25674492576959773
92,sb200016s,0.9005607476635514,0.06196261682242991,0.0374766355140187,pmid24622617,0.3342503438789546,0.312242090784044,0.3535075653370014,1,0.1111111111111111,0.5192577086595256,0.4807422913404744,0.25896358320285645
93,sb200016s,0.9005607476635514,0.06196261682242991,0.0374766355140187,pmid19816800,0.19779353821907011,0.1946414499605989,0.607565011820331,1,0.1111111111111111,0.6487998339603478,0.3512001660396522,0.20714673308252757
94,sb200015u,0.4217773992049971,0.5224304372515617,0.05579216354344123,pmid29243094,0.29537366548042704,0.28825622775800713,0.41637010676156583,1,0.1111111111111111,0.38103433758054406,0.6189656624194559,0.31425293163444906
95,sb200013j,0.028493332228940613,0.9308374057814959,0.04066926198956349,pmid32569517,0.3732021196063588,0.23088569265707798,0.3959121877365632,1,0.1111111111111111,0.6406046601447085,0.3593953398552915,0.21042480260878327
96,sb9b00437,0.5686865917192213,0.36907046887853034,0.06224293940224843,pmid26260156,0.3296582138919515,0.2855567805953694,0.3847850055126792,1,0.1111111111111111,0.34705375482666084,0.6529462451733392,0.32784516473600234
97,sb9b00437,0.5686865917192213,0.36907046887853034,0.06224293940224843,pmid24622617,0.3342503438789546,0.312242090784044,0.3535075653370014,1,0.1111111111111111,0.3243040925027024,0.6756959074972976,0.3369450296655857
98,sb9b00348,0.4375658587987355,0.16095890410958902,0.40147523709167543,pmid32050455,0.3200419727177335,0.25498426023084997,0.4249737670514166,1,0.1111111111111111,0.12073000981938839,0.8792699901806116,0.41837466273891133
99,sb9b00348,0.4375658587987355,0.16095890410958902,0.40147523709167543,pmid30925042,0.3245729303547963,0.32982917214191854,0.3455978975032852,1,0.1111111111111111,0.17018956699026422,0.8298104330097358,0.398590839870561
100,sb9b00338,0.32869991823385125,0.276369582992641,0.3949304987735078,pmid19816800,0.19779353821907011,0.1946414499605989,0.607565011820331,1,0.1111111111111111,0.18274314821444368,0.8172568517855563,0.3935694073808892
101,sb9b00243,0.09318927262203357,0.5844105730272042,0.3224001543507621,pmid26260156,0.3296582138919515,0.2855567805953694,0.3847850055126792,1,0.1111111111111111,0.30056303648035987,0.6994369635196401,0.3464414520745227
102,sb9b00243,0.09318927262203357,0.5844105730272042,0.3224001543507621,pmid24622617,0.3342503438789546,0.312242090784044,0.3535075653370014,1,0.1111111111111111,0.2877891433031129,0.7122108566968871,0.3515510093454215
103,sb9b00212,0.054668449618500745,0.151026508298592,0.7943050420829073,pmid27966047,0.3391739674593241,0.2941176470588235,0.3667083854818523,1,0.1111111111111111,0.3969074783816289,0.6030925216183711,0.30790367531401514
104,sb9b00203,0.015457320074825243,0.9725804863640839,0.011962193561090875,pmid31448268,0.4388742304309587,0.30167106420404577,0.25945470536499565,1,0.1111111111111111,0.6425790669555309,0.3574209330444691,0.2096350398844543
105,sb9b00193,0.015993808848187796,0.06990842254611118,0.914097768605701,pmid27966047,0.3391739674593241,0.2941176470588235,0.3667083854818523,1,0.1111111111111111,0.5208234427636307,0.4791765572363693,0.2583372895612144
106,sb9b00178,0.8760249262053132,0.055264020990488695,0.0687110528041981,pmid32050455,0.3200419727177335,0.25498426023084997,0.4249737670514166,1,0.1111111111111111,0.5003242215365313,0.49967577846346867,0.2665369780520541
107,sb9b00169,0.12295022228700532,0.1061875956562933,0.7708621820567014,pmid26363557,0.21761063976152256,0.1937628984177941,0.5886264618206833,1,0.1111111111111111,0.16676595667474675,0.8332340433252532,0.399960283996768
108,sb9b00140,0.043548290878720995,0.01950724810594762,0.9369444610153314,pmid30800596,0.3215636822194199,0.2912988650693568,0.3871374527112232,1,0.1111111111111111,0.5234646278007056,0.4765353721992944,0.25728081554638443
109,sb9b00139,0.917775984940164,0.06393707139975796,0.01828694366007799,pmid24622617,0.3342503438789546,0.312242090784044,0.3535075653370014,1,0.1111111111111111,0.547439225860956,0.45256077413904405,0.24769097632228432
110,sb9b00127,0.16681268617487297,0.5577361135447696,0.27545120028035747,pmid30925042,0.3245729303547963,0.32982917214191854,0.3455978975032852,1,0.1111111111111111,0.2068925234010797,0.7931074765989203,0.38390965730623483
111,sb9b00077,0.053555695405915676,0.0750786658275645,0.8713656387665198,pmid30800596,0.3215636822194199,0.2912988650693568,0.3871374527112232,1,0.1111111111111111,0.4413025539974862,0.5586974460025138,0.2901456450676722
112,sb9b00020,0.3305529811553908,0.09634692616620327,0.573100092678406,pmid31448268,0.4388742304309587,0.30167106420404577,0.25945470536499565,1,0.1111111111111111,0.29885344307416595,0.701146556925834,0.3471252894370003
113,sb9b00020,0.3305529811553908,0.09634692616620327,0.573100092678406,pmid31029103,0.38561505713645533,0.19829710956755545,0.4160878332959893,1,0.1111111111111111,0.15344483941001813,0.8465551605899819,0.40528873090265943
114,sb9b00020,0.3305529811553908,0.09634692616620327,0.573100092678406,pmid28952071,0.5504531722054381,0.2217522658610272,0.22779456193353478,1,0.1111111111111111,0.306316293762998,0.693683706237002,0.34414014916146746
115,sb9b00001,0.16349139739823754,0.6258497691984893,0.21065883340327318,pmid29221460,0.24664602683178535,0.30030959752321984,0.45304437564499483,1,0.1111111111111111,0.28454435261337857,0.7154556473866214,0.3528489256213152
116,sb8b00529,0.18271119842829078,0.7878192534381139,0.029469548133595282,pmid26363557,0.21761063976152256,0.1937628984177941,0.5886264618206833,1,0.1111111111111111,0.6031203929112317,0.39687960708876835,0.225418509502174
117,sb8b00512,0.7711988304093567,0.13779239766081872,0.09100877192982457,pmid29197394,0.29675810473815467,0.40648379052369077,0.29675810473815467,1,0.1111111111111111,0.41256906662591375,0.5874309333740863,0.30163904001630115
118,sb8b00480,0.18761127596439167,0.7994807121661721,0.012908011869436202,pmid29221460,0.24664602683178535,0.30030959752321984,0.45304437564499483,1,0.1111111111111111,0.5273407066189227,0.47265929338107726,0.2557303840190976
119,sb8b00426,0.08972989470471539,0.84701663360293,0.06325347169235465,pmid29581172,0.3509933774834438,0.23557237464522235,0.413434247871334,1,0.1111111111111111,0.5437282112304839,0.45627178876951613,0.2491753821744731
120,sb8b00426,0.08972989470471539,0.84701663360293,0.06325347169235465,pmid22699939,0.3029645697758496,0.3449023861171367,0.35213304410701374,1,0.1111111111111111,0.4502044719092418,0.5497955280907583,0.28658487790297
121,sb8b00398,0.3101582356317127,0.05780109863081086,0.6320406657374764,pmid32043291,0.36748768472906407,0.28669950738916256,0.34581280788177343,1,0.1111111111111111,0.30373508187832515,0.6962649181216749,0.34517263391533665
122,sb8b00398,0.3101582356317127,0.05780109863081086,0.6320406657374764,pmid31448268,0.4388742304309587,0.30167106420404577,0.25945470536499565,1,0.1111111111111111,0.36239238995837736,0.6376076100416226,0.3217097106833157
123,sb8b00398,0.3101582356317127,0.05780109863081086,0.6320406657374764,pmid31029103,0.38561505713645533,0.19829710956755545,0.4160878332959893,1,0.1111111111111111,0.22026333504554008,0.7797366649544599,0.37856133264845065
124,sb8b00381,0.5324232081911263,0.3779863481228669,0.08959044368600683,pmid24432149,0.36716417910447763,0.2676616915422886,0.36517412935323385,1,0.1111111111111111,0.2871327679064662,0.7128672320935339,0.3518135595040802
125,sb8b00372,0.024698769349513313,0.022554778954590283,0.9527464516958963,pmid28718097,0.27009936766034326,0.24661246612466123,0.48328816621499543,1,0.1111111111111111,0.4703557178746152,0.5296442821253848,0.27852437951682063
126,sb8b00368,0.279576221306651,0.5585638610947616,0.16185991759858742,pmid24622617,0.3342503438789546,0.312242090784044,0.3535075653370014,1,0.1111111111111111,0.23144661224494514,0.7685533877550549,0.3740880217686886
127,sb8b00345,0.13543725717401678,0.15234135369095494,0.7122213891350283,pmid29581172,0.3509933774834438,0.23557237464522235,0.413434247871334,1,0.1111111111111111,0.2666836846552075,0.7333163153447926,0.3599931928045837
128,sb8b00333,0.10231902225007836,0.8892719105818448,0.008409067168076883,pmid31448268,0.4388742304309587,0.30167106420404577,0.25945470536499565,1,0.1111111111111111,0.5454952107404666,0.4545047892595334,0.24846858237048003
129,sb8b00333,0.10231902225007836,0.8892719105818448,0.008409067168076883,pmid29221460,0.24664602683178535,0.30030959752321984,0.45304437564499483,1,0.1111111111111111,0.5766851952614488,0.4233148047385512,0.23599258856208716
130,sb8b00276,0.7887446967806339,0.06301472423259297,0.14824057898677315,pmid30925042,0.3245729303547963,0.32982917214191854,0.3455978975032852,1,0.1111111111111111,0.41578002967357974,0.5842199703264203,0.3003546547972348
131,sb8b00276,0.7887446967806339,0.06301472423259297,0.14824057898677315,pmid26260156,0.3296582138919515,0.2855567805953694,0.3847850055126792,1,0.1111111111111111,0.40582392105143084,0.5941760789485692,0.30433709824609434
132,sb8b00276,0.7887446967806339,0.06301472423259297,0.14824057898677315,pmid24622617,0.3342503438789546,0.312242090784044,0.3535075653370014,1,0.1111111111111111,0.4057072573505217,0.5942927426494783,0.304383763726458
133,sb8b00258,0.010279518411603183,0.02495951559529677,0.9647609659931001,pmid30800596,0.3215636822194199,0.2912988650693568,0.3871374527112232,1,0.1111111111111111,0.5656296271372409,0.43437037286275915,0.24041481581177032
134,sb8b00252,0.16495456341367049,0.24269063611220862,0.5923548004741209,pmid30925042,0.3245729303547963,0.32982917214191854,0.3455978975032852,1,0.1111111111111111,0.21820430534156676,0.7817956946584332,0.37938494453003996
135,sb8b00252,0.16495456341367049,0.24269063611220862,0.5923548004741209,pmid27836667,0.3354330708661417,0.6095773742567894,0.054989554877068934,1,0.1111111111111111,0.5178563490623781,0.4821436509376219,0.25952412704171546
136,sb8b00228,0.8099579242636746,0.14586255259467037,0.04417952314165497,pmid31448268,0.4388742304309587,0.30167106420404577,0.25945470536499565,1,0.1111111111111111,0.34830494755255653,0.6516950524474434,0.327344687645644
137,sb8b00228,0.8099579242636746,0.14586255259467037,0.04417952314165497,pmid29862436,0.3103448275862069,0.3170189098998888,0.37263626251390436,1,0.1111111111111111,0.46195776740744543,0.5380422325925546,0.2818835597036885
138,sb8b00228,0.8099579242636746,0.14586255259467037,0.04417952314165497,pmid19816800,0.19779353821907011,0.1946414499605989,0.607565011820331,1,0.1111111111111111,0.5964634735434998,0.4035365264565002,0.22808127724926675
139,sb8b00207,0.8481730235997289,0.14036601146096492,0.011460964939306179,pmid31029103,0.38561505713645533,0.19829710956755545,0.4160878332959893,1,0.1111111111111111,0.49334726481551056,0.5066527351844894,0.26932776074046244
140,sb8b00196,0.08903654485049833,0.13700996677740865,0.773953488372093,pmid29581172,0.3509933774834438,0.23557237464522235,0.413434247871334,1,0.1111111111111111,0.3313337619611393,0.6686662380388607,0.3341331618822109
141,sb8b00145,0.20409588084710265,0.7502909006283454,0.04561321852455202,pmid26260156,0.3296582138919515,0.2855567805953694,0.3847850055126792,1,0.1111111111111111,0.44604970362188967,0.5539502963781103,0.2882467852179108
142,sb8b00145,0.20409588084710265,0.7502909006283454,0.04561321852455202,pmid22699939,0.3029645697758496,0.3449023861171367,0.35213304410701374,1,0.1111111111111111,0.3988809468043282,0.6011190531956718,0.3071142879449354
143,sb8b00115,0.17117296222664016,0.07803180914512921,0.7507952286282306,pmid24622617,0.3342503438789546,0.312242090784044,0.3535075653370014,1,0.1111111111111111,0.35543159489022075,0.6445684051097793,0.32449402871057836
144,sb7b00465,0.4176609751080025,0.018926146883357337,0.5634128780086403,pmid31448268,0.4388742304309587,0.30167106420404577,0.25945470536499565,1,0.1111111111111111,0.3874105943835226,0.6125894056164773,0.3117024289132576
145,sb7b00465,0.4176609751080025,0.018926146883357337,0.5634128780086403,pmid22907209,0.45602365114560234,0.2549889135254989,0.2889874353288987,1,0.1111111111111111,0.3469195219082987,0.6530804780917012,0.32789885790334716
146,sb7b00459,0.9860150227317652,0.007017197074520657,0.006967780193714173,pmid26260156,0.3296582138919515,0.2855567805953694,0.3847850055126792,1,0.1111111111111111,0.6454529135126003,0.35454708648739974,0.20848550126162657
147,sb7b00459,0.9860150227317652,0.007017197074520657,0.006967780193714173,pmid24622617,0.3342503438789546,0.312242090784044,0.3535075653370014,1,0.1111111111111111,0.641885605546029,0.358114394453971,0.20991242444825509
148,sb7b00451,0.5128989497297848,0.4483532170898338,0.03874783318038136,pmid31397921,0.32207478890229196,0.3196622436670688,0.3582629674306394,1,0.1111111111111111,0.3614011588261369,0.6385988411738631,0.3221062031362119
149,sb7b00424,0.6675052410901466,0.13773584905660374,0.19475890985324945,pmid24432149,0.36716417910447763,0.2676616915422886,0.36517412935323385,1,0.1111111111111111,0.25728369299015735,0.7427163070098426,0.3637531894706037
150,sb7b00405,0.18439993304692295,0.012330525023712548,0.8032695419293645,pmid32050455,0.3200419727177335,0.25498426023084997,0.4249737670514166,1,0.1111111111111111,0.3919709174233951,0.6080290825766048,0.3098782996973086
151,sb7b00403,0.9653003533568905,0.02381625441696113,0.01088339222614841,pmid29596055,0.3490011750881316,0.3066980023501763,0.34430082256169214,1,0.1111111111111111,0.5953639775740491,0.40463602242595087,0.22852107563704704
152,sb7b00403,0.9653003533568905,0.02381625441696113,0.01088339222614841,pmid28567486,0.3743016759776536,0.2804469273743017,0.34525139664804466,1,0.1111111111111111,0.576356360248312,0.42364363975168795,0.23612412256734183
153,sb7b00403,0.9653003533568905,0.02381625441696113,0.01088339222614841,pmid26260156,0.3296582138919515,0.2855567805953694,0.3847850055126792,1,0.1111111111111111,0.6112043464602752,0.3887956535397248,0.22218492808255658
154,sb7b00383,0.04935332857256208,0.9125605014679045,0.03808616995953344,pmid30925042,0.3245729303547963,0.32982917214191854,0.3455978975032852,1,0.1111111111111111,0.5353532852368489,0.4646467147631511,0.2525253525719271
155,sb7b00383,0.04935332857256208,0.9125605014679045,0.03808616995953344,pmid24622617,0.3342503438789546,0.312242090784044,0.3535075653370014,1,0.1111111111111111,0.5496521779223802,0.4503478220776198,0.2468057954977146
156,sb7b00366,0.7694462755438365,0.13909030982201714,0.09146341463414635,pmid32043291,0.36748768472906407,0.28669950738916256,0.34581280788177343,1,0.1111111111111111,0.35790587683382447,0.6420941231661755,0.3235043159331369
157,sb7b00356,0.23839496459480727,0.5059008654602676,0.2557041699449253,pmid24622617,0.3342503438789546,0.312242090784044,0.3535075653370014,1,0.1111111111111111,0.1679088725413199,0.8320911274586801,0.3995031176501387
158,sb7b00296,0.460924543946932,0.06436567164179104,0.474709784411277,pmid31448268,0.4388742304309587,0.30167106420404577,0.25945470536499565,1,0.1111111111111111,0.2890098070067289,0.7109901929932712,0.3510627438639751
159,sb7b00279,0.06536099200370842,0.9181828717116699,0.016456136284621625,pmid32569517,0.3732021196063588,0.23088569265707798,0.3959121877365632,1,0.1111111111111111,0.6333196958114045,0.36668030418859554,0.2133387883421049
160,sb7b00265,0.15506228042159056,0.09932928776748644,0.7456084318109231,pmid29862436,0.3103448275862069,0.3170189098998888,0.37263626251390436,1,0.1111111111111111,0.3285594699616445,0.6714405300383555,0.33524287868200886
161,sb7b00265,0.15506228042159056,0.09932928776748644,0.7456084318109231,pmid19816800,0.19779353821907011,0.1946414499605989,0.607565011820331,1,0.1111111111111111,0.13530961773023334,0.8646903822697667,0.41254281957457334
162,sb7b00219,0.30316879951249237,0.02376599634369287,0.6730652041438148,pmid24622617,0.3342503438789546,0.312242090784044,0.3535075653370014,1,0.1111111111111111,0.3782829387043838,0.6217170612956162,0.3153534911849132
163,sb7b00157,0.08570337850734873,0.09830120251956478,0.8159954189730865,pmid29581172,0.3509933774834438,0.23557237464522235,0.413434247871334,1,0.1111111111111111,0.36299924610507545,0.6370007538949245,0.32146696822463644
164,sb7b00154,0.9068738943644175,0.07328784432650999,0.01983826130907253,pmid26272997,0.30659767141009053,0.3712807244501941,0.32212160413971536,1,0.1111111111111111,0.5541181205079283,0.4458818794920717,0.24501941846349534
165,sb7b00148,0.5781487101669196,0.31360647445624684,0.10824481537683359,pmid28807332,0.435845471817606,0.2592780240658645,0.30487650411652945,1,0.1111111111111111,0.2103559104268064,0.7896440895731935,0.3825243024959441
166,sb7b00148,0.5781487101669196,0.31360647445624684,0.10824481537683359,pmid27325413,0.32931242460796145,0.2738238841978287,0.3968636911942099,1,0.1111111111111111,0.29855426036940175,0.7014457396305982,0.34724496251890596
167,sb7b00148,0.5781487101669196,0.31360647445624684,0.10824481537683359,pmid26260156,0.3296582138919515,0.2855567805953694,0.3847850055126792,1,0.1111111111111111,0.290941727642053,0.709058272357947,0.3502899756098455
168,sb7b00148,0.5781487101669196,0.31360647445624684,0.10824481537683359,pmid23502567,0.30544593528018943,0.2517758484609314,0.44277821625887925,1,0.1111111111111111,0.3344970501415192,0.6655029498584808,0.33286784661005897
169,sb7b00148,0.5781487101669196,0.31360647445624684,0.10824481537683359,pmid22699939,0.3029645697758496,0.3449023861171367,0.35213304410701374,1,0.1111111111111111,0.28482918103291993,0.71517081896708,0.3527349942534987
170,sb7b00138,0.44107903454803593,0.47681022243256027,0.08211074301940369,pmid32043291,0.36748768472906407,0.28669950738916256,0.34581280788177343,1,0.1111111111111111,0.28759021737240703,0.712409782627593,0.3516305797177039
171,sb7b00119,0.9479621155687986,0.03149941470682133,0.020538469724380122,pmid31029103,0.38561505713645533,0.19829710956755545,0.4160878332959893,1,0.1111111111111111,0.5435829994684915,0.45641700053150847,0.24923346687927006
172,sb7b00117,0.5893719806763286,0.31463978155849615,0.09598823776517539,pmid30925042,0.3245729303547963,0.32982917214191854,0.3455978975032852,1,0.1111111111111111,0.2867412532996781,0.713258746700322,0.3519701653467954
173,sb7b00105,0.8776634382566586,0.11168280871670704,0.010653753026634382,pmid22907209,0.45602365114560234,0.2549889135254989,0.2889874353288987,1,0.1111111111111111,0.43161667185230446,0.5683833281476955,0.2940199979257449
174,sb7b00094,0.1514456630109671,0.8272183449651047,0.02133599202392822,pmid29221460,0.24664602683178535,0.30030959752321984,0.45304437564499483,1,0.1111111111111111,0.5244698876635301,0.4755301123364699,0.25687871160125464
175,sb7b00016,0.34606718557968047,0.6235149528881605,0.030417861532158946,pmid29221460,0.24664602683178535,0.30030959752321984,0.45304437564499483,1,0.1111111111111111,0.45552920901114663,0.5444707909888533,0.284454983062208
176,sb7b00001,0.4220611082340756,0.35007767995857075,0.22786121180735372,pmid30925042,0.3245729303547963,0.32982917214191854,0.3455978975032852,1,0.1111111111111111,0.11662925507357075,0.8833707449264292,0.42001496463723836
177,sb7b00001,0.4220611082340756,0.35007767995857075,0.22786121180735372,pmid26260156,0.3296582138919515,0.2855567805953694,0.3847850055126792,1,0.1111111111111111,0.14537276984370923,0.8546272301562907,0.40851755872918294
178,sb7b00001,0.4220611082340756,0.35007767995857075,0.22786121180735372,pmid24622617,0.3342503438789546,0.312242090784044,0.3535075653370014,1,0.1111111111111111,0.11973797887106177,0.8802620211289383,0.418771475118242
179,sb6b00378,0.07546826695762866,0.830029702370128,0.09450203067224344,pmid28567486,0.3743016759776536,0.2804469273743017,0.34525139664804466,1,0.1111111111111111,0.48526566696395085,0.5147343330360492,0.2725603998810864
180,sb6b00378,0.07546826695762866,0.830029702370128,0.09450203067224344,pmid22699939,0.3029645697758496,0.3449023861171367,0.35213304410701374,1,0.1111111111111111,0.4293529566882533,0.5706470433117468,0.29492548399136537
181,sb6b00348,0.05299896587383661,0.030312823164426062,0.9166882109617374,pmid29862436,0.3103448275862069,0.3170189098998888,0.37263626251390436,1,0.1111111111111111,0.5076301615666692,0.4923698384333308,0.263614602039999
182,sb6b00348,0.05299896587383661,0.030312823164426062,0.9166882109617374,pmid19816800,0.19779353821907011,0.1946414499605989,0.607565011820331,1,0.1111111111111111,0.3212435915580444,0.6787564084419556,0.3381692300434489
183,sb6b00342,0.154753131908622,0.6365143699336773,0.20873249815770084,pmid29862436,0.3103448275862069,0.3170189098998888,0.37263626251390436,1,0.1111111111111111,0.27459509742514004,0.7254049025748599,0.3568286276966106
184,sb6b00342,0.154753131908622,0.6365143699336773,0.20873249815770084,pmid19857142,0.2723449001051525,0.3249211356466877,0.4027339642481598,1,0.1111111111111111,0.2674065744047454,0.7325934255952546,0.35970403690476854
185,sb6b00342,0.154753131908622,0.6365143699336773,0.20873249815770084,pmid19816800,0.19779353821907011,0.1946414499605989,0.607565011820331,1,0.1111111111111111,0.4056348170182224,0.5943651829817775,0.30441273985937767
186,sb6b00336,0.13101649276337934,0.23695725345001684,0.6320262537866038,pmid29243094,0.29537366548042704,0.28825622775800713,0.41637010676156583,1,0.1111111111111111,0.20341314519076847,0.7965868548092315,0.3853014085903593
187,sb6b00321,0.030920387227279297,0.0219621441988152,0.9471174685739054,pmid22699939,0.3029645697758496,0.3449023861171367,0.35213304410701374,1,0.1111111111111111,0.564033553388287,0.435966446611713,0.24105324531135186
188,sb6b00320,0.13953488372093023,0.7049418604651163,0.1555232558139535,pmid24622617,0.3342503438789546,0.312242090784044,0.3535075653370014,1,0.1111111111111111,0.33820539729350374,0.6617946027064963,0.33138450774926514
189,sb6b00315,0.9600153934962478,0.021743313450067345,0.01824129305368482,pmid32050455,0.3200419727177335,0.25498426023084997,0.4249737670514166,1,0.1111111111111111,0.6090358786718831,0.39096412132811686,0.2230523151979134
190,sb6b00275,0.965581326196848,0.01984834968777877,0.014570324115373179,pmid29596055,0.3490011750881316,0.3066980023501763,0.34430082256169214,1,0.1111111111111111,0.5943763827410619,0.40562361725893814,0.22891611357024194
191,sb6b00257,0.48877825193614666,0.027185079816658762,0.4840366682471945,pmid31029103,0.38561505713645533,0.19829710956755545,0.4160878332959893,1,0.1111111111111111,0.24316604015988805,0.7568339598401119,0.3694002506027114
192,sb6b00251,0.9283981597657884,0.03814303638644919,0.033458803847762446,pmid31448268,0.4388742304309587,0.30167106420404577,0.25945470536499565,1,0.1111111111111111,0.4688847179058726,0.5311152820941274,0.2791127795043176
193,sb6b00250,0.8659958838326093,0.08872627486851133,0.04527784129887949,pmid30925042,0.3245729303547963,0.32982917214191854,0.3455978975032852,1,0.1111111111111111,0.48969981023002224,0.5103001897699777,0.27078674257465774
194,sb6b00245,0.03853719599427754,0.9490343347639485,0.012428469241773963,pmid26260156,0.3296582138919515,0.2855567805953694,0.3847850055126792,1,0.1111111111111111,0.6240439062916979,0.3759560937083021,0.21704910414998752
195,sb6b00245,0.03853719599427754,0.9490343347639485,0.012428469241773963,pmid23565062,0.3872271624898949,0.3241713823767179,0.2886014551333872,1,0.1111111111111111,0.5901742191123782,0.4098257808876218,0.2305969790217154
196,sb6b00220,0.975291145480313,0.011769055394663873,0.012939799125023107,pmid32050455,0.3200419727177335,0.25498426023084997,0.4249737670514166,1,0.1111111111111111,0.633030196455758,0.366969803544242,0.21345458808436346
197,sb6b00202,0.17769376181474483,0.18856332703213613,0.6337429111531192,pmid27903825,0.2706110572259942,0.2861299709020369,0.443258971871969,1,0.1111111111111111,0.16277714698597487,0.8372228530140251,0.40155580787227674
198,sb6b00202,0.17769376181474483,0.18856332703213613,0.6337429111531192,pmid16408063,0.3509933774834437,0.239356669820246,0.4096499526963103,1,0.1111111111111111,0.20136228994628566,0.7986377100537143,0.3861217506881524
199,sb6b00176,0.09451295208143673,0.16552180749813786,0.7399652404204253,pmid27903825,0.2706110572259942,0.2861299709020369,0.443258971871969,1,0.1111111111111111,0.26613654947998105,0.733863450520019,0.3602120468746743
200,sb6b00176,0.09451295208143673,0.16552180749813786,0.7399652404204253,pmid16408063,0.3509933774834437,0.239356669820246,0.4096499526963103,1,0.1111111111111111,0.3102863924021745,0.6897136075978255,0.34255210970579686
201,sb6b00165,0.1054395462748131,0.8756122712039185,0.01894818252126837,pmid32043291,0.36748768472906407,0.28669950738916256,0.34581280788177343,1,0.1111111111111111,0.5448586087820485,0.4551413912179515,0.24872322315384726
202,sb6b00154,0.08870323283690519,0.0252815110788231,0.8860152560842717,pmid19857142,0.2723449001051525,0.3249211356466877,0.4027339642481598,1,0.1111111111111111,0.4603397162512502,0.5396602837487499,0.2825307801661666
203,sb6b00135,0.20478925127316067,0.0734640806154513,0.721746668111388,pmid29243094,0.29537366548042704,0.28825622775800713,0.41637010676156583,1,0.1111111111111111,0.2916296525256094,0.7083703474743905,0.3500148056564229
204,sb6b00083,0.06462554672855485,0.13790948852985807,0.7974649647415871,pmid24622617,0.3342503438789546,0.312242090784044,0.3535075653370014,1,0.1111111111111111,0.40045850151349865,0.5995414984865013,0.3064832660612672
205,sb6b00061,0.09534630965319633,0.16460824029246124,0.7400454500543425,pmid28807332,0.435845471817606,0.2592780240658645,0.30487650411652945,1,0.1111111111111111,0.40044211966036186,0.5995578803396382,0.30648981880252196
206,sb6b00061,0.09534630965319633,0.16460824029246124,0.7400454500543425,pmid27325413,0.32931242460796145,0.2738238841978287,0.3968636911942099,1,0.1111111111111111,0.31153788707572194,0.6884621129242781,0.3420515118363779
207,sb6b00061,0.09534630965319633,0.16460824029246124,0.7400454500543425,pmid23502567,0.30544593528018943,0.2517758484609314,0.44277821625887925,1,0.1111111111111111,0.27503732220793575,0.7249626777920642,0.35665173778349235
208,sb6b00061,0.09534630965319633,0.16460824029246124,0.7400454500543425,pmid22699939,0.3029645697758496,0.3449023861171367,0.35213304410701374,1,0.1111111111111111,0.33961094229949806,0.6603890577005019,0.33082228974686745
209,sb6b00054,0.9233395748430444,0.022469434959797335,0.054190990197158284,pmid28807332,0.435845471817606,0.2592780240658645,0.30487650411652945,1,0.1111111111111111,0.4674022672375772,0.5325977327624227,0.27970575977163575
210,sb6b00054,0.9233395748430444,0.022469434959797335,0.054190990197158284,pmid27325413,0.32931242460796145,0.2738238841978287,0.3968636911942099,1,0.1111111111111111,0.5501032716982471,0.44989672830175287,0.24662535798736784
211,sb6b00054,0.9233395748430444,0.022469434959797335,0.054190990197158284,pmid23502567,0.30544593528018943,0.2517758484609314,0.44277821625887925,1,0.1111111111111111,0.5686561876896086,0.43134381231039143,0.23920419159082323
212,sb6b00054,0.9233395748430444,0.022469434959797335,0.054190990197158284,pmid22699939,0.3029645697758496,0.3449023861171367,0.35213304410701374,1,0.1111111111111111,0.5738826679669313,0.4261173320330687,0.23711359947989413
213,sb6b00053,0.1928559161944015,0.22256568778979907,0.5845783960157994,pmid24622617,0.3342503438789546,0.312242090784044,0.3535075653370014,1,0.1111111111111111,0.20009865069783614,0.7999013493021638,0.38662720638753223
214,sb6b00040,0.8770301624129929,0.0613399071925754,0.06162993039443155,pmid33344779,0.23106796116504855,0.2906148867313916,0.4783171521035599,1,0.1111111111111111,0.5787887829977364,0.4212112170022636,0.2351511534675721
215,sb6b00040,0.8770301624129929,0.0613399071925754,0.06162993039443155,pmid31029103,0.38561505713645533,0.19829710956755545,0.4160878332959893,1,0.1111111111111111,0.4523514185821526,0.5476485814178473,0.2857260992338056
216,sb6b00030,0.14585708855948307,0.02318510072215887,0.8309578107183581,pmid22699939,0.3029645697758496,0.3449023861171367,0.35213304410701374,1,0.1111111111111111,0.46240640092265967,0.5375935990773404,0.28170410629760284
217,sb6b00029,0.957344955701629,0.02857959416976279,0.014075450128608174,pmid29581172,0.3509933774834438,0.23557237464522235,0.413434247871334,1,0.1111111111111111,0.5841402404496927,0.4158597595503073,0.23301057048678958
218,sb6b00029,0.957344955701629,0.02857959416976279,0.014075450128608174,pmid24622617,0.3342503438789546,0.312242090784044,0.3535075653370014,1,0.1111111111111111,0.5944455009862653,0.40555449901373475,0.22888846627216058
219,sb6b00007,0.02553382111393161,0.013513513513513513,0.9609526653725549,pmid29221460,0.24664602683178535,0.30030959752321984,0.45304437564499483,1,0.1111111111111111,0.5089099553391813,0.49109004466081874,0.26310268453099417
220,sb5b00296,0.7439778298870177,0.12129609891281176,0.13472607120017055,pmid30925042,0.3245729303547963,0.32982917214191854,0.3455978975032852,1,0.1111111111111111,0.3628769337911055,0.6371230662088945,0.32151589315022444
221,sb5b00296,0.7439778298870177,0.12129609891281176,0.13472607120017055,pmid29197394,0.29675810473815467,0.40648379052369077,0.29675810473815467,1,0.1111111111111111,0.3908664398671658,0.6091335601328343,0.3103200907198004
222,sb5b00296,0.7439778298870177,0.12129609891281176,0.13472607120017055,pmid26260156,0.3296582138919515,0.2855567805953694,0.3847850055126792,1,0.1111111111111111,0.3592663216982177,0.6407336783017823,0.3229601379873796
223,sb5b00296,0.7439778298870177,0.12129609891281176,0.13472607120017055,pmid24622617,0.3342503438789546,0.312242090784044,0.3535075653370014,1,0.1111111111111111,0.3544573101404721,0.6455426898595279,0.3248837426104778
224,sb5b00286,0.9339783722253842,0.03301081388730791,0.03301081388730791,pmid32050455,0.3200419727177335,0.25498426023084997,0.4249737670514166,1,0.1111111111111111,0.5715541335804163,0.4284458664195837,0.23804501323450017
225,sb5b00279,0.14803824596109463,0.1892515661061655,0.6627101879327398,pmid24622617,0.3342503438789546,0.312242090784044,0.3535075653370014,1,0.1111111111111111,0.26848561271773413,0.7315143872822658,0.359272421579573
226,sb5b00253,0.04305611356635865,0.5845051560198206,0.3724387304138208,pmid28567486,0.3743016759776536,0.2804469273743017,0.34525139664804466,1,0.1111111111111111,0.38534653107066474,0.6146534689293353,0.3125280542384008
227,sb5b00252,0.9510384697737492,0.02740703732781386,0.021554492898436937,pmid32915216,0.3327188940092166,0.3345622119815668,0.3327188940092166,1,0.1111111111111111,0.5843911107890487,0.4156088892109513,0.2329102223510472
228,sb5b00252,0.9510384697737492,0.02740703732781386,0.021554492898436937,pmid32366376,0.42482230727173326,0.27829414980863865,0.29688354291962826,1,0.1111111111111111,0.5129561761603239,0.48704382383967615,0.26148419620253716
229,sb5b00252,0.9510384697737492,0.02740703732781386,0.021554492898436937,pmid32172182,0.4062205466540999,0.2836946277097078,0.3100848256361923,1,0.1111111111111111,0.5273364758267576,0.4726635241732424,0.2557320763359636
230,sb5b00250,0.123438970818952,0.7347348603702542,0.14182616881079385,pmid26272997,0.30659767141009053,0.3712807244501941,0.32212160413971536,1,0.1111111111111111,0.3144715227699043,0.6855284772300957,0.3408780575587049
231,sb5b00246,0.864403730246784,0.09799394284686198,0.03760232690635402,pmid32915216,0.3327188940092166,0.3345622119815668,0.3327188940092166,1,0.1111111111111111,0.48472884523855425,0.5152711547614457,0.272775128571245
232,sb5b00246,0.864403730246784,0.09799394284686198,0.03760232690635402,pmid32366376,0.42482230727173326,0.27829414980863865,0.29688354291962826,1,0.1111111111111111,0.4123802709262642,0.5876197290737357,0.30171455829616095
233,sb5b00246,0.864403730246784,0.09799394284686198,0.03760232690635402,pmid32172182,0.4062205466540999,0.2836946277097078,0.3100848256361923,1,0.1111111111111111,0.4276405795588063,0.5723594204411937,0.29561043484314414
234,sb5b00232,0.936288575276688,0.0507700415763893,0.012941383146922763,pmid31448268,0.4388742304309587,0.30167106420404577,0.25945470536499565,1,0.1111111111111111,0.48625667752631774,0.5137433224736823,0.2721639956561396
235,sb5b00232,0.936288575276688,0.0507700415763893,0.012941383146922763,pmid31029103,0.38561505713645533,0.19829710956755545,0.4160878332959893,1,0.1111111111111111,0.5400306084774326,0.45996939152256744,0.25065442327569365
236,sb5b00231,0.8989574024426571,0.0785820673220137,0.02246053023532916,pmid22907209,0.45602365114560234,0.2549889135254989,0.2889874353288987,1,0.1111111111111111,0.43143619095970065,0.5685638090402994,0.29409219028278644
237,sb5b00225,0.42364393030965647,0.05558298652747407,0.5207730831628694,pmid31448268,0.4388742304309587,0.30167106420404577,0.25945470536499565,1,0.1111111111111111,0.31545287574866715,0.6845471242513328,0.34048551636719976
238,sb5b00222,0.9622746357125216,0.022968634230674242,0.01475673005680415,pmid28952071,0.5504531722054381,0.2217522658610272,0.22779456193353478,1,0.1111111111111111,0.43532428018849967,0.5646757198115003,0.29253695459126683
239,sb5b00222,0.9622746357125216,0.022968634230674242,0.01475673005680415,pmid26260156,0.3296582138919515,0.2855567805953694,0.3847850055126792,1,0.1111111111111111,0.605131581951376,0.39486841804862405,0.22461403388611628
240,sb5b00222,0.9622746357125216,0.022968634230674242,0.01475673005680415,pmid22699939,0.3029645697758496,0.3449023861171367,0.35213304410701374,1,0.1111111111111111,0.6252931926228013,0.37470680737719875,0.21654938961754616
241,sb5b00212,0.9854411864752705,0.007415470440165999,0.0071433430845635765,pmid26272997,0.30659767141009053,0.3712807244501941,0.32212160413971536,1,0.1111111111111111,0.6619211905727241,0.33807880942727586,0.201898190437577
242,sb5b00170,0.8160361566789419,0.15852025443588882,0.02544358888516906,pmid29197394,0.29675810473815467,0.40648379052369077,0.29675810473815467,1,0.1111111111111111,0.47791056575711094,0.522089434242889,0.27550244036382227
243,sb5b00170,0.8160361566789419,0.15852025443588882,0.02544358888516906,pmid22699939,0.3029645697758496,0.3449023861171367,0.35213304410701374,1,0.1111111111111111,0.48492808615302474,0.5150719138469753,0.2726954322054568
244,sb5b00154,0.8450976185367947,0.05170564256597296,0.10319673889723234,pmid31448268,0.4388742304309587,0.30167106420404577,0.25945470536499565,1,0.1111111111111111,0.37793533387488293,0.622064666125117,0.3154925331167135
245,sb5b00147,0.5591092158256338,0.41494906420279554,0.025941719971570718,pmid27836667,0.3354330708661417,0.6095773742567894,0.054989554877068934,1,0.1111111111111111,0.19403627466253173,0.8059637253374683,0.389052156801654
246,sb5b00099,0.40625,0.02376618122977346,0.5699838187702265,pmid24622617,0.3342503438789546,0.312242090784044,0.3535075653370014,1,0.1111111111111111,0.35647252702936,0.64352747297064,0.32407765585492265
247,sb5b00092,0.036886194288887855,0.07326329430277224,0.8898505114083399,pmid22699939,0.3029645697758496,0.3449023861171367,0.35213304410701374,1,0.1111111111111111,0.49157667748059947,0.5084233225194006,0.27003599567442693
248,sb5b00090,0.5292728019720624,0.19196795398520952,0.278759244042728,pmid19857142,0.2723449001051525,0.3249211356466877,0.4027339642481598,1,0.1111111111111111,0.22557782112759725,0.7744221788724027,0.37643553821562775
249,sb5b00069,0.0616626065773447,0.1776035322777101,0.7607338611449452,pmid29243094,0.29537366548042704,0.28825622775800713,0.41637010676156583,1,0.1111111111111111,0.32626756703781273,0.6737324329621872,0.33615963985154157
250,sb5b00062,0.5099092187699782,0.457614115841964,0.03247666538805779,pmid21601681,0.5099606648902424,0.20137038446897604,0.2886689506407817,1,0.1111111111111111,0.34870505863973966,0.6512949413602603,0.3271846432107708
251,sb5b00051,0.9266273531413018,0.04456792923565434,0.028804717623043777,pmid29862436,0.3103448275862069,0.3170189098998888,0.37263626251390436,1,0.1111111111111111,0.5702852663907049,0.42971473360929513,0.23855256011038473
252,sb5b00051,0.9266273531413018,0.04456792923565434,0.028804717623043777,pmid19816800,0.19779353821907011,0.1946414499605989,0.607565011820331,1,0.1111111111111111,0.6746483251244857,0.3253516748755143,0.19680733661687239
253,sb5b00016,0.03616423456902021,0.5104685942173479,0.4533671712136318,pmid27903825,0.2706110572259942,0.2861299709020369,0.443258971871969,1,0.1111111111111111,0.3102684244962427,0.6897315755037573,0.3425592968681696
254,sb5b00016,0.03616423456902021,0.5104685942173479,0.4533671712136318,pmid16408063,0.3509933774834437,0.239356669820246,0.4096499526963103,1,0.1111111111111111,0.37930443384729684,0.6206955661527032,0.3149448931277479
